run,id,true_label_id,true_label_name,pred_label_id,pred_label_name,question,reference_answer,student_answer
gpt4o_five_shot,EM.16b.439.1,0,correct,2,partially_correct_incomplete,"Ms. Teridann, a geologist, made a chart showing the scratch-test data for 3 minerals (Mineral X, Mineral Y, and Mineral Z). She wrote ""yes"" if the tool scratched the mineral and wrote ""no"" if it did not scratch it. Topaz is a mineral that cannot be scratched by a fingernail, a penny, or a paperclip. How hard is topaz compared to minerals X, Y, and Z? Explain how you know.",Topaz would be the hardest of the 4 minerals because none of the tools could scratch topaz and at least one tool could scratch each of the other minerals.,Topaz is most like mineral Z because Topaz cannot be scratched by anything and mineral Z can only be scratched by one thing.
gpt4o_five_shot,EM.21b.645.1,0,correct,2,partially_correct_incomplete,Georgia found one brown mineral and one black mineral. How will she know which one is harder?,"The harder mineral will leave a scratch on the less hard mineral. If the black mineral is harder, the brown mineral will have a scratch.",The harder one leave a scratch on the less scratch mineral.
gpt4o_five_shot,FN.20a.531.1,0,correct,2,partially_correct_incomplete,"Anna wants to compare the fat in walnuts and peanuts, but she isn't sure how. Write a procedure Anna can use to compare the fat in walnuts and peanuts.",Measure out equal masses of walnuts and peanuts. Smash the samples uniformly in the same size area on brown paper. Wait the same time for each sample.,"First you have to have these materials, 2 brown paper indicators, weigh machine, 2 cups, one gram block, spoon and stick. You put 2 cup on each side of the weigh machine with brown paper on each of the cups. Then you smear the food sample on the brown indicator then wait for 2 day."
gpt4o_five_shot,FN.17a.313.1,0,correct,2,partially_correct_incomplete,"Paula wants to test a food to see if it contains acid and/or sugar. When Paula added water and yeast to a sample of the food and put the mixture in a warm water bath, the mixture began to fizz and bubble. What does this chemical reaction indicate?",The food contains sugar.,That this food has acid and or sugar.
gpt4o_five_shot,FN.17c.399.1,0,correct,2,partially_correct_incomplete,"Paula wants to test a food to see if it contains acid and/or sugar. When Paula added water and yeast to a sample of the food and put the mixture in a warm water bath, the mixture began to fizz and bubble. Paula tested for the other substance. What would the test results tell her?","If gas (carbon dioxide) is produced, the food contains acid. If no gas is produced, the food does not contain acid.",If the syringe goes up and if it bubbles that means it has acid.
gpt4o_five_shot,EM.48b.521.1,1,contradictory,3,irrelevant,"Emily evaporated a solution and drew a picture of the crystals that remained. Using the crystal-shape key below, what was dissolved in the solution? A. Epsom salt (B. alum) C. sodium thiosulfate.  Explain why you chose that answer.",The crystals are the same shape as the alum crystals.,"I was seen the Epsom salt rock, alum rock. And I see it is the sodium the sulfate rock and I said yes."
gpt4o_five_shot,II.26.395.1,1,contradictory,2,partially_correct_incomplete,Look at the rubbings of 2 different fabrics. What do the rubbings tell us about the different textures of these 2 fabrics?,Fabric A is smoother and has a finer texture. Fabric B is rougher and has a coarser texture.,They are rough. A has bumpy dots. B has bumpy dots and lines.
gpt4o_five_shot,II.38.473.1,1,contradictory,2,partially_correct_incomplete,Describe what you would see if a mirror were placed along a line of symmetry on a flat object.,The mirror would complete the image of the object and make the object appear whole.,Half of the flat object.
gpt4o_five_shot,ME.5b.225.1,1,contradictory,2,partially_correct_incomplete,"Anne is investigating which objects stick to magnets. She recorded this in her notebook. I was surprised! A nail was stuck to the magnet. When I accidentally touched the nail to a paperclip, the paperclip stuck to the nail. If Anne touched the nail to a brass ring, what do you think would happen and why?","The brass ring would not stick to the nail because the ring is not iron. The nail is a temporary magnet, but brass cannot become a temporary magnet and thus does not stick to magnets.",If Anne attached the nail to a brass ring nothing would happen because the magnetic force would not be strong enough.
gpt4o_five_shot,ME.5b.318.1,1,contradictory,2,partially_correct_incomplete,"Anne is investigating which objects stick to magnets. She recorded this in her notebook. I was surprised! A nail was stuck to the magnet. When I accidentally touched the nail to a paperclip, the paperclip stuck to the nail. If Anne touched the nail to a brass ring, what do you think would happen and why?","The brass ring would not stick to the nail because the ring is not iron. The nail is a temporary magnet, but brass cannot become a temporary magnet and thus does not stick to magnets.",Probably not it depends on how heavy it is and if it is made of iron.
gpt4o_five_shot,EM.16b.593.1,2,partially_correct_incomplete,0,correct,"Ms. Teridann, a geologist, made a chart showing the scratch-test data for 3 minerals (Mineral X, Mineral Y, and Mineral Z). She wrote ""yes"" if the tool scratched the mineral and wrote ""no"" if it did not scratch it. Topaz is a mineral that cannot be scratched by a fingernail, a penny, or a paperclip. How hard is topaz compared to minerals X, Y, and Z? Explain how you know.",Topaz would be the hardest of the 4 minerals because none of the tools could scratch topaz and at least one tool could scratch each of the other minerals.,"Topaz is harder than X, Y, Z."
gpt4o_five_shot,EM.21a.403.1,2,partially_correct_incomplete,0,correct,Georgia found one brown mineral and one black mineral. How can she test them for hardness using only the 2 minerals (no tools)?,Rub the minerals together and see which one scratches the other.,She can rub them against each other.
gpt4o_five_shot,EM.21a.557.1,2,partially_correct_incomplete,0,correct,Georgia found one brown mineral and one black mineral. How can she test them for hardness using only the 2 minerals (no tools)?,Rub the minerals together and see which one scratches the other.,Rubbing them together.
gpt4o_five_shot,EM.21b.401.1,2,partially_correct_incomplete,0,correct,Georgia found one brown mineral and one black mineral. How will she know which one is harder?,"The harder mineral will leave a scratch on the less hard mineral. If the black mineral is harder, the brown mineral will have a scratch.",Which one leaves a scratch.
gpt4o_five_shot,EM.48b.187.1,2,partially_correct_incomplete,0,correct,"Emily evaporated a solution and drew a picture of the crystals that remained. Using the crystal-shape key below, what was dissolved in the solution? A. Epsom salt (B. alum) C. sodium thiosulfate.  Explain why you chose that answer.",The crystals are the same shape as the alum crystals.,The pictures look the same.
gpt4o_five_shot,EM.45b.452.1,3,irrelevant,2,partially_correct_incomplete,You used several methods to separate and identify the substances in mock rocks. How did you separate the salt from the water?,"The water was evaporated, leaving the salt.",We kept the salt in the vial and put the water in the Petri dish.
gpt4o_five_shot,EM.45c.385.1,3,irrelevant,2,partially_correct_incomplete,You used several methods to separate and identify the substances in mock rocks. How did you know the crystals were salt?,The crystals were square with Xs on the surface.,By looking very closely at it.
gpt4o_five_shot,EM.45c.396.1,3,irrelevant,2,partially_correct_incomplete,You used several methods to separate and identify the substances in mock rocks. How did you know the crystals were salt?,The crystals were square with Xs on the surface.,We know the crystals were salt because we identified them.
gpt4o_five_shot,EM.46.527.1,3,irrelevant,2,partially_correct_incomplete,Describe how you can tell the difference between the crystals from the calcite test and salt crystals when you observe them in an evaporation dish.,The crystals have different shapes. Salt crystals are square with little Xs. The calcite crystals are shaped like needles (long and skinny).,Crystals are already there so calcite will leave different crystals behind.
gpt4o_five_shot,EM.26.225.1,3,irrelevant,2,partially_correct_incomplete,Salt crystals form when the water evaporates from saltwater. Describe the salt crystals.,The salt crystals are squares with Xs on top.,Salt crystals are small and white.
gpt4o_five_shot,LF.26a2.481.1,4,non_domain,3,irrelevant,Pam and her family were planning a hike. Pam found 2 maps of the same area. Her friend recommended she use the topographic map when they went to the lake. Why would Pam's friend recommend using the topographic map for the hike?,She recommended the topographic map because the map shows the elevations along the trail. Pam would know where the trail was the steepest.,Because you where how big or 4.
gpt4o_five_shot,ME.69b.682.1,4,non_domain,2,partially_correct_incomplete,"A magnet attracted another magnet even when a foam block was placed between them (see box A below). What do you think would happen if 2 foam blocks were placed between the 2 magnets (see box B). A. The magnets will stick. B. The magnets will not stick. (C. It might stick, but it might not.) Explain why you chose that answer.","You can not tell because we do not know the strength of the magnets. If the magnets are weak, the second piece of foam might put too much distance between the 2 magnets for the interaction to hold the magnets in place. If the magnets are strong the magnets might stay in place.",I chose that answer because I am not sure.
gpt4o_five_shot,MX.19.540.1,4,non_domain,3,irrelevant,"When Amy added water to a mixture of baking soda and citric acid, the mixture began fizzing. Amy concluded there was a chemical reaction because it fizzed. Why is fizzing evidence of a chemical reaction?","The fizzing indicates a gas, a new material, is produced. When a new material is produced, a chemical reaction has occurred.",Probably.
